id,Strength
5407,35.253628
5408,26.420261
5409,29.41543
5410,37.6564
5411,33.880047
5412,33.197178
5413,31.623526
5414,29.028557
5415,41.39212
5416,32.885757
5417,37.19665
5418,43.715996
5419,34.693268
5420,49.009632
5421,27.553316
5422,40.4678
5423,41.400814
5424,36.91441
5425,36.630875
5426,42.126896
5427,26.632368
5428,28.172077
5429,27.9281
5430,26.969992
5431,28.817047
5432,39.296185
5433,24.922533
5434,32.675213
5435,32.647133
5436,29.902264
5437,34.600826
5438,32.99183
5439,38.87611
5440,29.399027
5441,25.033867
5442,38.568363
5443,26.207417
5444,28.562305
5445,27.74989
5446,33.2592
5447,34.44942
5448,32.905525
5449,46.3746
5450,34.676044
5451,40.70207
5452,28.622343
5453,29.768253
5454,29.993052
5455,41.93613
5456,30.04625
5457,27.85081
5458,30.936195
5459,28.002937
5460,31.382496
5461,30.462364
5462,28.488884
5463,30.748608
5464,29.916739
5465,39.13235
5466,35.80781
5467,36.83025
5468,27.173227
5469,29.887703
5470,27.197529
5471,28.92944
5472,35.024353
5473,26.955666
5474,38.423332
5475,24.930805
5476,55.42423
5477,38.906624
5478,32.698692
5479,28.297066
5480,30.527851
5481,32.490486
5482,28.938454
5483,31.271935
5484,34.818546
5485,41.623714
5486,43.704838
5487,34.98602
5488,40.96505
5489,38.54578
5490,34.327347
5491,28.101952
5492,38.780247
5493,28.678776
5494,40.84842
5495,31.73424
5496,36.965157
5497,30.222782
5498,35.351254
5499,51.23686
5500,40.963078
5501,31.865917
5502,30.880394
5503,30.449738
5504,45.7252
5505,36.81541
5506,33.391735
5507,37.08717
5508,30.709127
5509,45.599514
5510,44.336895
5511,35.248695
5512,26.524683
5513,33.006943
5514,23.475534
5515,30.30685
5516,46.3746
5517,33.91206
5518,36.83179
5519,27.073055
5520,39.296185
5521,30.538029
5522,37.951176
5523,40.561195
5524,23.477013
5525,37.065456
5526,24.264545
5527,30.430685
5528,29.206554
5529,41.25905
5530,35.200268
5531,35.051907
5532,43.339558
5533,28.445816
5534,36.092144
5535,24.808826
5536,51.853474
5537,27.138285
5538,35.644295
5539,26.668816
5540,37.180325
5541,41.525536
5542,32.886295
5543,54.356815
5544,26.541767
5545,37.39063
5546,43.294544
5547,31.617655
5548,27.08177
5549,36.219776
5550,35.47101
5551,29.766151
5552,27.197975
5553,43.005054
5554,29.894547
5555,50.36089
5556,29.916739
5557,33.2592
5558,27.186924
5559,44.356155
5560,28.25719
5561,29.766151
5562,44.339912
5563,29.902264
5564,36.60468
5565,34.37611
5566,32.60067
5567,26.600044
5568,56.24152
5569,58.96063
5570,36.47215
5571,27.451607
5572,27.909721
5573,30.936195
5574,31.111206
5575,27.312775
5576,32.536777
5577,35.20148
5578,30.698515
5579,35.435467
5580,31.593952
5581,34.44942
5582,39.091152
5583,35.435467
5584,35.853603
5585,49.097385
5586,26.842941
5587,40.299156
5588,31.190002
5589,27.854671
5590,45.073032
5591,40.067738
5592,34.12064
5593,40.03606
5594,34.44942
5595,37.42253
5596,53.56252
5597,29.251923
5598,43.963383
5599,28.552118
5600,26.510515
5601,41.132305
5602,34.51358
5603,30.382238
5604,36.126026
5605,28.19244
5606,28.562305
5607,34.82909
5608,37.005806
5609,28.867247
5610,28.686106
5611,36.290955
5612,33.612087
5613,25.875149
5614,35.04803
5615,36.177013
5616,27.62938
5617,32.541115
5618,28.59417
5619,27.59974
5620,38.409206
5621,29.775677
5622,43.423996
5623,29.585018
5624,26.089914
5625,28.678776
5626,40.963078
5627,40.067738
5628,33.291264
5629,39.503353
5630,41.0059
5631,45.288395
5632,33.549213
5633,30.090513
5634,29.350613
5635,30.804047
5636,27.909721
5637,33.23409
5638,40.204517
5639,32.281982
5640,31.449537
5641,27.854671
5642,41.54381
5643,31.273975
5644,43.340485
5645,39.16512
5646,29.958279
5647,30.30685
5648,29.265245
5649,35.36876
5650,31.236313
5651,34.065712
5652,54.187958
5653,30.090513
5654,59.562298
5655,30.141817
5656,31.90643
5657,37.773796
5658,28.752148
5659,26.752766
5660,34.317055
5661,36.280743
5662,42.529247
5663,34.02553
5664,37.341846
5665,39.296185
5666,32.07876
5667,24.722645
5668,36.56258
5669,30.926655
5670,24.427391
5671,29.465002
5672,40.68313
5673,27.197975
5674,27.246038
5675,27.642975
5676,34.693268
5677,34.818546
5678,38.780247
5679,24.891788
5680,34.31505
5681,56.65627
5682,32.95506
5683,37.2469
5684,58.554394
5685,30.95367
5686,29.492441
5687,32.467686
5688,48.21884
5689,47.03143
5690,36.35868
5691,42.000957
5692,35.04709
5693,34.693268
5694,28.674732
5695,31.389633
5696,34.339367
5697,29.34502
5698,35.111057
5699,36.992867
5700,35.71986
5701,27.867521
5702,29.802723
5703,28.19244
5704,32.30843
5705,47.91281
5706,50.114685
5707,40.067738
5708,36.985153
5709,43.321346
5710,38.699165
5711,29.998768
5712,28.101871
5713,39.296185
5714,40.646343
5715,28.952663
5716,28.582584
5717,41.97247
5718,29.495481
5719,30.003916
5720,43.423996
5721,39.585888
5722,31.717426
5723,43.82137
5724,30.772274
5725,30.092224
5726,27.872189
5727,46.654415
5728,25.095741
5729,35.435467
5730,35.2125
5731,36.560127
5732,27.348743
5733,30.383753
5734,40.262653
5735,25.595217
5736,32.467686
5737,25.839592
5738,44.837463
5739,37.975475
5740,31.494904
5741,29.265245
5742,35.25529
5743,32.85115
5744,27.517042
5745,34.693268
5746,29.839085
5747,43.53628
5748,33.996544
5749,30.283154
5750,29.09261
5751,32.037594
5752,28.796494
5753,30.20605
5754,25.837519
5755,46.595688
5756,30.527851
5757,41.93613
5758,36.219776
5759,39.33272
5760,31.190002
5761,29.282072
5762,28.403536
5763,26.664839
5764,42.18993
5765,27.197975
5766,27.326069
5767,32.334747
5768,27.766727
5769,56.069103
5770,30.48336
5771,28.171326
5772,36.83025
5773,30.252516
5774,30.706554
5775,33.549213
5776,37.26684
5777,34.65024
5778,27.402136
5779,34.321552
5780,41.24503
5781,26.831694
5782,40.098953
5783,39.444866
5784,29.959757
5785,47.03143
5786,27.688393
5787,35.200268
5788,29.587132
5789,36.54215
5790,24.362274
5791,27.006775
5792,28.320637
5793,27.197975
5794,30.880428
5795,34.693268
5796,40.098953
5797,31.435879
5798,37.634293
5799,28.98358
5800,32.186344
5801,26.548618
5802,34.186466
5803,57.651234
5804,35.435467
5805,36.845345
5806,27.909721
5807,32.54509
5808,46.553783
5809,37.26684
5810,27.867521
5811,28.15899
5812,39.853462
5813,57.4331
5814,37.59684
5815,29.34502
5816,34.818546
5817,39.130974
5818,27.006775
5819,33.999413
5820,41.54381
5821,27.1553
5822,29.150711
5823,34.380886
5824,32.81606
5825,36.894474
5826,32.537693
5827,26.701466
5828,43.423996
5829,26.076147
5830,26.524683
5831,41.616882
5832,27.59974
5833,33.545216
5834,26.32743
5835,34.44942
5836,26.642511
5837,28.431973
5838,40.96505
5839,26.664839
5840,32.55699
5841,44.53346
5842,34.687695
5843,29.916739
5844,47.75909
5845,28.002937
5846,29.902264
5847,44.079247
5848,30.308142
5849,34.58932
5850,26.524683
5851,44.161453
5852,29.766037
5853,36.507053
5854,30.43001
5855,26.558483
5856,30.516083
5857,40.963078
5858,33.71995
5859,30.410902
5860,40.963078
5861,34.630833
5862,39.288662
5863,29.34502
5864,58.79881
5865,29.278345
5866,43.45747
5867,35.275654
5868,38.929153
5869,26.279404
5870,25.075733
5871,36.711918
5872,26.333603
5873,30.878775
5874,32.98899
5875,40.476765
5876,39.382305
5877,32.35601
5878,26.606112
5879,27.556519
5880,39.585888
5881,23.538296
5882,29.902264
5883,43.146145
5884,32.36313
5885,33.409554
5886,38.1129
5887,29.766151
5888,40.561195
5889,29.532663
5890,38.07129
5891,41.665943
5892,43.629333
5893,37.245045
5894,35.050175
5895,36.298927
5896,25.097435
5897,49.380093
5898,28.488884
5899,39.130974
5900,31.394928
5901,23.5247
5902,46.44013
5903,30.482792
5904,36.556282
5905,34.004658
5906,43.423996
5907,35.17378
5908,29.34502
5909,35.2125
5910,38.828068
5911,46.44013
5912,35.2125
5913,51.83997
5914,35.2125
5915,32.23175
5916,33.530136
5917,30.406826
5918,30.988558
5919,28.678776
5920,40.184177
5921,41.400814
5922,32.856632
5923,27.17563
5924,40.84842
5925,29.951622
5926,30.274513
5927,35.88402
5928,40.963078
5929,34.708744
5930,30.595125
5931,28.444824
5932,31.254044
5933,33.89003
5934,36.64658
5935,31.973705
5936,34.792507
5937,40.476765
5938,42.831863
5939,33.47401
5940,36.83025
5941,30.09413
5942,38.209133
5943,39.560993
5944,50.90392
5945,42.524456
5946,30.213032
5947,56.695446
5948,50.314415
5949,40.476765
5950,37.94823
5951,27.601677
5952,40.09385
5953,28.809961
5954,38.780247
5955,33.71498
5956,34.781525
5957,34.06561
5958,27.871353
5959,30.102217
5960,41.93613
5961,43.963383
5962,27.753864
5963,27.553316
5964,34.267467
5965,27.863056
5966,28.610802
5967,34.37901
5968,34.864063
5969,33.372234
5970,32.50095
5971,49.963795
5972,39.225243
5973,38.97265
5974,29.092283
5975,26.664112
5976,40.21827
5977,35.2125
5978,29.18062
5979,28.087545
5980,33.151127
5981,40.4678
5982,32.536777
5983,44.161453
5984,56.463657
5985,41.54381
5986,29.993052
5987,32.467686
5988,46.654415
5989,26.932182
5990,34.696007
5991,39.25687
5992,32.34513
5993,36.272404
5994,33.71498
5995,28.932026
5996,40.491768
5997,27.324894
5998,26.524683
5999,31.190002
6000,35.540295
6001,39.225243
6002,41.343433
6003,31.498981
6004,29.766151
6005,31.50263
6006,36.58803
6007,25.879395
6008,38.58403
6009,33.902283
6010,27.771778
6011,24.550375
6012,44.92171
6013,33.861813
6014,47.1152
6015,26.668816
6016,31.90643
6017,33.75604
6018,39.065838
6019,24.64056
6020,33.114197
6021,25.033867
6022,35.155613
6023,33.291264
6024,39.585888
6025,32.601315
6026,34.693268
6027,30.706554
6028,27.204222
6029,28.180786
6030,27.9281
6031,49.533405
6032,26.600044
6033,61.158062
6034,40.34696
6035,42.424717
6036,34.44942
6037,44.61752
6038,30.30685
6039,41.222103
6040,32.757545
6041,47.856583
6042,39.66689
6043,43.80662
6044,27.958426
6045,41.186787
6046,32.857273
6047,39.223804
6048,33.769474
6049,29.20365
6050,38.816612
6051,34.155106
6052,34.676044
6053,29.157263
6054,31.321499
6055,30.77906
6056,49.963795
6057,30.701431
6058,29.621012
6059,28.488884
6060,28.464752
6061,30.090513
6062,27.72189
6063,24.342411
6064,46.111217
6065,43.915226
6066,30.803501
6067,37.39063
6068,30.320911
6069,30.538029
6070,35.07984
6071,32.377415
6072,23.421669
6073,25.125237
6074,34.804684
6075,25.516302
6076,43.13404
6077,32.453903
6078,29.34502
6079,30.83324
6080,41.24503
6081,31.34782
6082,29.768486
6083,33.577194
6084,27.204222
6085,53.611713
6086,26.030338
6087,27.821535
6088,33.83681
6089,29.652004
6090,35.931267
6091,43.963383
6092,29.674267
6093,30.847342
6094,39.585888
6095,27.007832
6096,36.599167
6097,51.462627
6098,30.830074
6099,30.0466
6100,30.458687
6101,41.545776
6102,59.2101
6103,29.978077
6104,41.432278
6105,29.933598
6106,28.933279
6107,60.719646
6108,35.425274
6109,24.64056
6110,40.450657
6111,36.52554
6112,46.690014
6113,27.198471
6114,46.600292
6115,27.688393
6116,31.058495
6117,40.634617
6118,31.504253
6119,31.823524
6120,27.348743
6121,47.611065
6122,33.549213
6123,28.19244
6124,28.1658
6125,50.244755
6126,29.70339
6127,33.2592
6128,34.83058
6129,49.853054
6130,28.57551
6131,35.2125
6132,25.664541
6133,26.600044
6134,26.942234
6135,33.109978
6136,29.951622
6137,27.17563
6138,29.165413
6139,55.778614
6140,49.963795
6141,31.119366
6142,50.244755
6143,27.783848
6144,33.094906
6145,37.97598
6146,46.152107
6147,32.536777
6148,29.587132
6149,29.916739
6150,28.389135
6151,34.22375
6152,27.197975
6153,45.22514
6154,51.848675
6155,39.94734
6156,37.191822
6157,31.468536
6158,40.066727
6159,28.933279
6160,42.37689
6161,33.257877
6162,31.387932
6163,33.320217
6164,36.507053
6165,28.59417
6166,54.86823
6167,34.44942
6168,30.635975
6169,27.92004
6170,31.615864
6171,25.664541
6172,36.908886
6173,28.57551
6174,28.488884
6175,32.536777
6176,36.081295
6177,44.01298
6178,32.878483
6179,26.668816
6180,30.936195
6181,35.465973
6182,33.31025
6183,38.438107
6184,30.372953
6185,30.527851
6186,32.81169
6187,41.54381
6188,34.412697
6189,27.848942
6190,33.014446
6191,40.4678
6192,29.150711
6193,30.750996
6194,34.44942
6195,55.63257
6196,32.442673
6197,32.558315
6198,43.676983
6199,33.71498
6200,31.339746
6201,32.416332
6202,30.003916
6203,28.678776
6204,33.512524
6205,55.429855
6206,36.32205
6207,28.796494
6208,29.251923
6209,29.251923
6210,33.121365
6211,41.982647
6212,37.628532
6213,26.285702
6214,43.423996
6215,39.44405
6216,37.74047
6217,41.28969
6218,38.00503
6219,37.245045
6220,45.363876
6221,32.801826
6222,44.563747
6223,42.529247
6224,48.47346
6225,43.700397
6226,38.13646
6227,26.625452
6228,29.150711
6229,25.88678
6230,33.2592
6231,29.862904
6232,24.021671
6233,28.820389
6234,34.98495
6235,32.318592
6236,39.444866
6237,37.341846
6238,27.14836
6239,27.810812
6240,37.449078
6241,27.878218
6242,32.617172
6243,27.59974
6244,42.264645
6245,41.950874
6246,31.449537
6247,28.574802
6248,32.54328
6249,28.131433
6250,41.82089
6251,46.44013
6252,46.904022
6253,44.76817
6254,33.61877
6255,36.683346
6256,33.198017
6257,36.96956
6258,32.91184
6259,27.170834
6260,27.688393
6261,36.081768
6262,30.604185
6263,33.25057
6264,35.53182
6265,32.11182
6266,51.192772
6267,33.549213
6268,27.61995
6269,29.714516
6270,34.004658
6271,25.77996
6272,44.837463
6273,34.03541
6274,26.734398
6275,38.23799
6276,28.21859
6277,30.660128
6278,30.81361
6279,27.832329
6280,30.514969
6281,31.15842
6282,32.20508
6283,30.444056
6284,28.60883
6285,41.950874
6286,40.923157
6287,39.537052
6288,29.271088
6289,42.97863
6290,39.42828
6291,43.972202
6292,27.006775
6293,34.676044
6294,46.3746
6295,33.576412
6296,32.33592
6297,28.218195
6298,35.72941
6299,42.36116
6300,24.427391
6301,27.421717
6302,33.036617
6303,27.59974
6304,46.3746
6305,41.132305
6306,36.94917
6307,30.003916
6308,44.837463
6309,43.963383
6310,43.36656
6311,37.74047
6312,35.435467
6313,39.704994
6314,39.130974
6315,32.397358
6316,31.385834
6317,34.693268
6318,30.094872
6319,35.362217
6320,43.151516
6321,31.58725
6322,39.42828
6323,32.31331
6324,33.2592
6325,33.16841
6326,29.097122
6327,27.40671
6328,36.507053
6329,27.968536
6330,24.381742
6331,32.060684
6332,29.688532
6333,29.003384
6334,37.58996
6335,29.298271
6336,27.72985
6337,28.320637
6338,34.004658
6339,27.981499
6340,57.145214
6341,41.96491
6342,43.505672
6343,37.925236
6344,29.4637
6345,40.098953
6346,29.424221
6347,36.86614
6348,27.24058
6349,25.720528
6350,42.026287
6351,25.594563
6352,36.989094
6353,24.51278
6354,30.82834
6355,29.895685
6356,44.26833
6357,31.556953
6358,34.327347
6359,29.265245
6360,33.31025
6361,28.57551
6362,36.83025
6363,31.62911
6364,48.817524
6365,31.15842
6366,41.54381
6367,32.31331
6368,40.96505
6369,28.674732
6370,36.093178
6371,30.708061
6372,41.24503
6373,27.925613
6374,32.961483
6375,33.47613
6376,40.188793
6377,27.006775
6378,39.861897
6379,31.342346
6380,40.067738
6381,38.906624
6382,37.289265
6383,43.151577
6384,33.75604
6385,34.79503
6386,24.873297
6387,41.24503
6388,26.698467
6389,24.615696
6390,35.21858
6391,52.386204
6392,36.597202
6393,36.264122
6394,33.12026
6395,31.431242
6396,41.79897
6397,41.93613
6398,30.383308
6399,38.976738
6400,38.906624
6401,39.487686
6402,32.661007
6403,43.68926
6404,29.169506
6405,30.514969
6406,26.668816
6407,33.60052
6408,31.492962
6409,27.006775
6410,38.831135
6411,30.926737
6412,31.637945
6413,34.5304
6414,34.054386
6415,39.71281
6416,36.460403
6417,34.32612
6418,27.197975
6419,29.890377
6420,26.054493
6421,29.251923
6422,50.082935
6423,25.720528
6424,28.678799
6425,40.86469
6426,34.98602
6427,43.954716
6428,47.304695
6429,34.98602
6430,29.293106
6431,35.15215
6432,35.88972
6433,34.193752
6434,33.372234
6435,33.75604
6436,30.81361
6437,43.423996
6438,29.552082
6439,35.26846
6440,51.695236
6441,28.253641
6442,28.933279
6443,28.747204
6444,33.36028
6445,29.634884
6446,25.839592
6447,29.204403
6448,30.936195
6449,31.555035
6450,37.496693
6451,49.963795
6452,34.97539
6453,36.785236
6454,43.686016
6455,30.858665
6456,31.4366
6457,31.335697
6458,28.674732
6459,26.394115
6460,46.477444
6461,34.693268
6462,28.928757
6463,27.991848
6464,28.57551
6465,31.013159
6466,35.05067
6467,29.766151
6468,29.0373
6469,32.67606
6470,42.57101
6471,40.958344
6472,25.109669
6473,53.965485
6474,27.1553
6475,32.318592
6476,49.963795
6477,37.289265
6478,32.536777
6479,32.233727
6480,34.327347
6481,32.633354
6482,36.66743
6483,31.953274
6484,32.566257
6485,33.372234
6486,40.108425
6487,26.877632
6488,42.48611
6489,41.93613
6490,29.605663
6491,33.04119
6492,31.820536
6493,27.186924
6494,27.006775
6495,43.82137
6496,30.514969
6497,32.32143
6498,34.323593
6499,30.843525
6500,28.002937
6501,30.0466
6502,31.9136
6503,38.867886
6504,33.49172
6505,33.2592
6506,43.688805
6507,43.715996
6508,29.132782
6509,44.777393
6510,39.268505
6511,43.963383
6512,35.2125
6513,33.225716
6514,28.796494
6515,26.531292
6516,42.522198
6517,28.820389
6518,36.4408
6519,36.94917
6520,40.32754
6521,30.18126
6522,30.406826
6523,30.514969
6524,30.936195
6525,26.112377
6526,27.026001
6527,33.82475
6528,41.623714
6529,28.065876
6530,31.5822
6531,38.445164
6532,25.075733
6533,35.451313
6534,38.952347
6535,37.430428
6536,29.195503
6537,29.951622
6538,29.341
6539,26.60212
6540,35.491734
6541,27.383938
6542,30.514969
6543,32.457363
6544,33.549213
6545,32.58404
6546,25.82345
6547,30.481169
6548,33.576412
6549,36.95525
6550,30.72696
6551,38.56567
6552,27.395805
6553,27.197529
6554,28.806976
6555,33.664127
6556,44.837463
6557,30.464413
6558,33.78817
6559,33.349712
6560,37.95843
6561,36.590233
6562,32.658848
6563,27.197975
6564,58.491756
6565,37.994083
6566,27.854671
6567,28.681147
6568,32.018944
6569,31.58725
6570,36.603878
6571,33.94351
6572,30.706554
6573,57.12117
6574,46.205967
6575,33.360348
6576,33.53415
6577,30.04625
6578,34.003555
6579,30.30685
6580,30.995247
6581,27.413208
6582,40.96505
6583,27.74989
6584,35.690144
6585,32.728012
6586,36.800312
6587,26.952238
6588,40.139744
6589,32.55699
6590,36.507053
6591,32.467686
6592,34.316143
6593,34.355442
6594,31.221947
6595,41.24503
6596,35.902973
6597,40.568707
6598,32.009495
6599,31.571568
6600,29.873518
6601,29.587132
6602,30.114906
6603,30.090513
6604,29.104984
6605,28.996485
6606,65.77159
6607,28.147823
6608,26.450611
6609,40.30582
6610,33.94209
6611,45.32325
6612,27.517042
6613,49.963795
6614,35.83208
6615,32.009495
6616,46.3746
6617,32.053757
6618,27.59974
6619,42.619072
6620,27.47234
6621,41.93613
6622,34.708744
6623,39.05987
6624,26.23884
6625,51.793148
6626,28.761108
6627,32.233727
6628,57.66032
6629,50.74636
6630,29.993052
6631,29.265245
6632,35.196957
6633,26.752808
6634,29.615326
6635,39.169086
6636,26.598402
6637,28.80923
6638,28.06472
6639,28.933279
6640,34.775726
6641,26.450611
6642,30.604185
6643,40.046356
6644,46.3746
6645,37.6564
6646,31.165028
6647,30.17698
6648,38.639347
6649,32.76226
6650,35.081623
6651,25.075733
6652,41.93613
6653,39.865932
6654,30.779287
6655,35.810993
6656,31.498981
6657,41.93613
6658,33.63792
6659,30.359324
6660,34.44942
6661,43.963383
6662,35.99424
6663,35.52289
6664,29.709654
6665,35.533146
6666,24.641487
6667,44.475163
6668,39.296185
6669,30.527851
6670,24.039282
6671,55.42423
6672,35.733467
6673,49.488594
6674,47.03143
6675,30.830708
6676,43.963383
6677,35.155613
6678,26.624802
6679,32.65603
6680,29.53389
6681,26.101868
6682,27.59974
6683,35.29285
6684,36.092144
6685,56.47391
6686,41.93613
6687,35.420803
6688,40.844845
6689,27.722122
6690,26.59972
6691,30.06203
6692,41.2048
6693,32.690445
6694,33.639072
6695,34.708744
6696,38.616314
6697,42.581867
6698,32.566257
6699,41.38539
6700,28.515507
6701,26.285702
6702,43.677654
6703,29.301027
6704,37.925236
6705,34.708744
6706,26.156124
6707,27.073738
6708,31.870094
6709,35.081623
6710,27.246038
6711,28.1658
6712,25.161003
6713,28.678776
6714,44.413815
6715,28.57425
6716,37.718468
6717,41.54381
6718,33.392582
6719,28.678776
6720,42.48611
6721,30.410902
6722,29.164036
6723,44.339912
6724,32.5674
6725,28.150137
6726,32.318592
6727,28.796494
6728,57.406178
6729,41.24503
6730,35.2125
6731,33.06329
6732,35.831516
6733,35.155613
6734,34.34871
6735,31.766685
6736,36.116066
6737,34.03986
6738,32.701054
6739,37.341846
6740,41.623714
6741,35.733467
6742,39.06772
6743,43.423996
6744,55.778614
6745,34.501186
6746,29.833593
6747,28.194897
6748,27.722122
6749,42.581867
6750,29.34502
6751,39.805023
6752,34.91399
6753,24.961456
6754,33.804783
6755,32.417072
6756,56.194897
6757,30.078987
6758,33.91206
6759,31.503235
6760,40.963078
6761,28.57551
6762,41.055264
6763,41.826923
6764,32.74738
6765,31.190002
6766,29.890377
6767,47.210896
6768,32.83797
6769,29.766151
6770,30.135166
6771,33.04119
6772,36.507053
6773,30.35591
6774,29.639044
6775,36.707592
6776,24.891788
6777,29.057291
6778,33.32956
6779,36.222404
6780,26.069838
6781,52.034428
6782,40.4678
6783,27.297295
6784,26.275063
6785,24.261097
6786,35.207836
6787,32.467686
6788,28.955769
6789,40.47721
6790,29.902264
6791,33.2592
6792,30.132334
6793,30.650736
6794,42.000957
6795,37.249783
6796,27.159678
6797,27.113796
6798,26.668816
6799,27.861204
6800,46.654415
6801,60.719646
6802,36.104275
6803,34.685627
6804,42.48611
6805,25.0339
6806,38.47123
6807,30.051239
6808,40.838947
6809,32.512146
6810,38.14755
6811,27.98169
6812,29.965826
6813,34.54458
6814,42.164806
6815,26.524683
6816,24.445297
6817,30.635975
6818,26.73219
6819,29.768253
6820,29.34502
6821,29.180836
6822,28.674732
6823,30.83324
6824,36.196617
6825,30.397339
6826,29.975264
6827,29.93653
6828,28.678776
6829,49.59208
6830,46.553783
6831,34.052917
6832,56.813854
6833,36.515076
6834,36.24574
6835,27.41293
6836,31.691147
6837,53.611713
6838,26.23884
6839,32.081795
6840,25.727848
6841,27.553316
6842,43.963383
6843,36.226524
6844,33.670532
6845,28.678679
6846,36.71816
6847,33.134026
6848,29.916739
6849,57.404232
6850,27.324894
6851,27.962889
6852,30.0466
6853,36.221695
6854,43.10899
6855,37.240314
6856,33.409554
6857,33.549213
6858,36.442223
6859,39.819256
6860,29.895685
6861,27.880112
6862,57.12117
6863,26.161873
6864,36.996807
6865,33.75604
6866,46.501648
6867,27.312775
6868,35.024353
6869,34.17503
6870,38.89767
6871,38.851814
6872,49.963795
6873,35.435467
6874,40.96505
6875,30.880428
6876,30.074097
6877,26.96055
6878,35.2125
6879,28.682526
6880,55.42423
6881,54.018284
6882,29.150711
6883,24.039282
6884,27.72068
6885,38.756813
6886,30.082844
6887,39.609383
6888,36.86614
6889,33.773903
6890,49.62235
6891,40.561195
6892,40.96505
6893,46.654415
6894,29.890377
6895,47.259228
6896,27.006775
6897,29.916739
6898,43.505672
6899,30.586731
6900,30.865597
6901,25.792019
6902,33.2592
6903,32.079613
6904,32.658848
6905,32.499447
6906,44.52814
6907,29.958279
6908,29.766151
6909,48.480473
6910,28.819239
6911,30.706554
6912,35.10208
6913,27.59974
6914,39.169086
6915,29.870094
6916,30.2237
6917,28.002937
6918,28.598467
6919,35.905075
6920,28.274166
6921,34.21845
6922,31.91488
6923,35.733467
6924,41.332745
6925,57.98885
6926,27.333897
6927,40.45672
6928,40.61039
6929,37.409466
6930,37.838085
6931,30.372953
6932,32.38638
6933,35.469433
6934,29.766151
6935,29.573866
6936,28.273582
6937,37.710575
6938,45.020626
6939,40.100586
6940,31.186623
6941,25.588018
6942,27.246576
6943,30.875711
6944,43.972202
6945,38.582043
6946,39.435505
6947,36.734165
6948,31.056854
6949,32.59289
6950,35.200268
6951,31.455929
6952,35.111774
6953,35.2168
6954,32.536777
6955,47.3391
6956,29.644665
6957,32.083977
6958,38.851624
6959,25.839592
6960,36.774708
6961,34.693268
6962,25.075733
6963,30.04625
6964,47.011852
6965,34.80669
6966,40.28915
6967,65.94429
6968,37.39063
6969,31.406975
6970,50.273098
6971,29.766151
6972,33.675533
6973,47.856583
6974,28.678776
6975,31.34008
6976,34.845707
6977,43.505672
6978,32.886295
6979,36.599167
6980,24.491951
6981,30.81361
6982,35.18145
6983,36.766346
6984,30.514969
6985,32.609932
6986,36.785236
6987,50.35165
6988,36.39313
6989,32.386803
6990,34.273235
6991,34.676044
6992,46.2207
6993,33.570786
6994,48.037388
6995,41.597103
6996,26.258358
6997,35.012882
6998,39.87862
6999,26.258358
7000,34.693268
7001,27.854671
7002,28.488884
7003,34.560726
7004,34.537785
7005,27.722122
7006,28.532997
7007,56.65627
7008,34.787163
7009,29.958279
7010,41.343433
7011,29.163712
7012,46.16243
7013,32.55699
7014,39.130974
7015,32.135963
7016,34.818546
7017,35.2125
7018,59.562298
7019,41.524944
7020,28.675053
7021,36.41106
7022,28.633957
7023,35.71115
7024,29.587132
7025,33.549213
7026,36.707592
7027,32.886295
7028,29.854136
7029,32.536777
7030,27.006775
7031,32.467686
7032,32.76226
7033,30.090513
7034,23.48022
7035,32.89169
7036,26.99979
7037,30.514969
7038,27.136961
7039,28.678776
7040,38.184063
7041,36.27237
7042,29.271088
7043,29.574642
7044,41.422688
7045,29.412426
7046,29.271088
7047,54.2375
7048,60.719646
7049,55.778614
7050,27.1553
7051,35.377476
7052,47.65005
7053,33.549213
7054,27.722122
7055,30.449738
7056,28.57551
7057,27.006775
7058,34.968452
7059,28.562305
7060,39.212772
7061,35.2125
7062,38.37402
7063,43.684628
7064,37.71451
7065,29.422667
7066,36.208706
7067,48.78799
7068,35.822315
7069,27.073055
7070,29.99772
7071,40.128372
7072,37.460514
7073,42.60242
7074,33.344936
7075,33.322025
7076,40.4678
7077,41.652218
7078,29.278345
7079,51.016956
7080,29.902264
7081,36.275288
7082,43.963383
7083,41.24281
7084,34.73416
7085,37.26684
7086,35.497547
7087,43.13705
7088,30.538029
7089,30.538029
7090,26.871403
7091,30.326042
7092,30.481169
7093,36.098583
7094,40.96505
7095,39.00999
7096,29.412426
7097,37.651478
7098,43.963383
7099,42.36116
7100,30.697811
7101,31.007381
7102,31.307102
7103,41.750072
7104,37.421864
7105,27.59974
7106,30.880394
7107,33.372234
7108,34.176342
7109,36.909466
7110,40.25427
7111,41.54381
7112,34.029533
7113,30.482792
7114,28.19244
7115,26.664839
7116,45.404655
7117,28.065876
7118,27.958426
7119,26.830364
7120,40.098953
7121,33.215595
7122,28.175755
7123,37.798733
7124,41.009117
7125,45.404655
7126,41.432278
7127,37.374012
7128,28.19244
7129,29.271088
7130,35.828945
7131,43.13404
7132,32.658848
7133,40.51897
7134,42.529247
7135,35.371456
7136,42.44475
7137,27.79446
7138,59.00887
7139,33.853268
7140,30.24363
7141,29.766037
7142,38.98562
7143,28.881706
7144,34.75532
7145,27.073055
7146,38.851624
7147,30.342514
7148,31.69746
7149,34.44409
7150,43.423996
7151,32.033245
7152,26.668816
7153,31.492962
7154,36.785236
7155,36.63435
7156,53.818798
7157,33.2592
7158,42.85219
7159,37.483658
7160,35.050175
7161,37.564365
7162,30.538029
7163,43.294544
7164,35.371456
7165,32.6308
7166,28.57435
7167,27.1553
7168,32.681927
7169,29.766151
7170,36.591846
7171,37.675213
7172,37.461315
7173,38.253292
7174,35.200268
7175,49.186146
7176,40.256824
7177,43.963383
7178,29.179928
7179,37.213757
7180,28.625835
7181,30.936195
7182,37.36753
7183,31.873867
7184,25.853281
7185,45.79216
7186,32.510883
7187,37.460514
7188,31.617655
7189,27.59974
7190,29.619587
7191,29.766151
7192,37.97598
7193,37.19492
7194,33.07108
7195,28.57551
7196,58.96063
7197,30.489483
7198,36.91441
7199,31.425022
7200,36.83025
7201,34.316143
7202,30.936195
7203,29.723356
7204,26.280325
7205,30.881374
7206,24.87388
7207,34.98602
7208,29.142061
7209,33.47706
7210,45.044193
7211,34.419964
7212,29.118937
7213,25.402542
7214,30.2237
7215,29.579388
7216,26.706953
7217,44.902714
7218,25.719976
7219,28.274166
7220,24.155127
7221,40.4678
7222,56.4879
7223,37.521427
7224,39.66689
7225,29.412315
7226,30.527851
7227,29.954632
7228,28.488884
7229,28.065876
7230,37.26684
7231,43.275204
7232,32.208504
7233,29.438053
7234,26.668816
7235,32.087894
7236,42.392174
7237,32.716034
7238,29.132536
7239,47.91281
7240,27.958426
7241,30.88287
7242,44.86839
7243,27.159533
7244,27.843262
7245,36.70698
7246,27.442783
7247,34.83058
7248,29.693165
7249,35.52289
7250,31.737041
7251,28.065876
7252,33.22298
7253,34.65987
7254,29.121655
7255,34.676044
7256,38.200184
7257,47.530643
7258,42.559086
7259,37.925236
7260,33.01125
7261,44.149254
7262,34.521885
7263,53.611713
7264,38.042366
7265,29.655676
7266,47.03143
7267,34.818546
7268,35.200268
7269,33.025345
7270,32.52993
7271,36.599323
7272,27.114578
7273,28.922527
7274,36.688972
7275,37.21076
7276,43.339558
7277,43.294544
7278,37.552113
7279,32.842842
7280,47.02206
7281,39.57147
7282,49.963795
7283,31.907383
7284,29.993052
7285,30.635975
7286,33.576412
7287,27.552471
7288,33.218414
7289,32.324688
7290,37.94823
7291,35.081623
7292,30.738113
7293,45.339733
7294,47.98222
7295,34.004658
7296,27.600716
7297,30.538029
7298,34.12064
7299,24.802832
7300,33.151203
7301,40.713047
7302,30.516083
7303,34.029438
7304,40.375473
7305,40.96505
7306,24.67049
7307,30.660507
7308,35.200268
7309,43.505672
7310,32.467686
7311,36.788937
7312,40.067738
7313,29.097393
7314,33.45136
7315,33.291264
7316,26.952238
7317,41.343433
7318,35.416214
7319,51.060455
7320,54.018284
7321,31.58717
7322,41.14378
7323,34.762135
7324,32.925
7325,28.389135
7326,40.96505
7327,32.97112
7328,32.886295
7329,41.54381
7330,27.197975
7331,33.549213
7332,31.449537
7333,37.31018
7334,27.324894
7335,40.96505
7336,30.037338
7337,30.437252
7338,28.02954
7339,29.862904
7340,29.701363
7341,32.76226
7342,33.217617
7343,37.258747
7344,27.674377
7345,36.092144
7346,26.717146
7347,29.412426
7348,47.438885
7349,27.197529
7350,26.069838
7351,24.64056
7352,40.963078
7353,30.821632
7354,30.049355
7355,39.296185
7356,36.55371
7357,35.744392
7358,36.470844
7359,29.579388
7360,29.890377
7361,42.45252
7362,30.527851
7363,34.818546
7364,62.81806
7365,30.71098
7366,43.550663
7367,46.201733
7368,25.502182
7369,37.164986
7370,27.909721
7371,43.505672
7372,46.654415
7373,25.988453
7374,24.641487
7375,32.698692
7376,36.60655
7377,37.00566
7378,30.003916
7379,27.722122
7380,27.288221
7381,34.962032
7382,25.075733
7383,43.20915
7384,26.224249
7385,29.10254
7386,33.115665
7387,40.22848
7388,27.1553
7389,30.72667
7390,36.290955
7391,29.625046
7392,28.276463
7393,35.831516
7394,27.333897
7395,30.08942
7396,37.206318
7397,40.210308
7398,40.47698
7399,31.948334
7400,37.999317
7401,30.424404
7402,36.599167
7403,41.196613
7404,26.069838
7405,40.189198
7406,29.766151
7407,34.67629
7408,27.147835
7409,39.853462
7410,27.743052
7411,29.278345
7412,27.159678
7413,30.30685
7414,28.322739
7415,36.599842
7416,34.08752
7417,39.134914
7418,35.200268
7419,36.961887
7420,32.558384
7421,27.749435
7422,40.561195
7423,41.93613
7424,37.95345
7425,28.664396
7426,39.124462
7427,42.379345
7428,41.009117
7429,33.39256
7430,43.789425
7431,35.55762
7432,37.6564
7433,36.590233
7434,47.210896
7435,42.90246
7436,31.415226
7437,26.199512
7438,27.007832
7439,37.564365
7440,29.895685
7441,35.415752
7442,37.458675
7443,34.693268
7444,26.664112
7445,32.747665
7446,26.258358
7447,30.514969
7448,27.59974
7449,31.102266
7450,30.75519
7451,27.909721
7452,37.719135
7453,43.526737
7454,32.318592
7455,40.830048
7456,27.553316
7457,42.172325
7458,39.296185
7459,40.043083
7460,32.467686
7461,47.11229
7462,34.316143
7463,54.187958
7464,40.530933
7465,43.87789
7466,27.442783
7467,26.829666
7468,43.963383
7469,34.16641
7470,29.102879
7471,34.478634
7472,43.87789
7473,30.803501
7474,34.44942
7475,30.378853
7476,43.505672
7477,31.075735
7478,28.132679
7479,40.043552
7480,28.67339
7481,28.57551
7482,31.04208
7483,34.190807
7484,31.156723
7485,27.59974
7486,26.632368
7487,43.534473
7488,34.905273
7489,33.025345
7490,24.829395
7491,29.854136
7492,33.372234
7493,29.371958
7494,35.85088
7495,34.708744
7496,33.71995
7497,33.747375
7498,38.09841
7499,30.172913
7500,27.909721
7501,28.796494
7502,33.549213
7503,34.77013
7504,31.57526
7505,30.644405
7506,33.549213
7507,29.132782
7508,28.80923
7509,34.56328
7510,32.70433
7511,29.244913
7512,32.258686
7513,31.4366
7514,41.758858
7515,40.6862
7516,37.84078
7517,39.461025
7518,28.403536
7519,30.003916
7520,26.32743
7521,29.91256
7522,29.483212
7523,33.709843
7524,33.63127
7525,32.00746
7526,24.021671
7527,29.916739
7528,41.24503
7529,30.372953
7530,27.87155
7531,27.517042
7532,41.132305
7533,34.160915
7534,34.83058
7535,40.299755
7536,33.62861
7537,27.722122
7538,46.553783
7539,47.361187
7540,33.740467
7541,26.156124
7542,30.944576
7543,30.398195
7544,39.712803
7545,46.9281
7546,27.995817
7547,26.80532
7548,33.922657
7549,32.886295
7550,30.437252
7551,36.264122
7552,43.972202
7553,44.166977
7554,37.492023
7555,56.104565
7556,41.93335
7557,37.558903
7558,28.669067
7559,40.367474
7560,35.19376
7561,35.723053
7562,35.939777
7563,30.096256
7564,32.544987
7565,26.632368
7566,56.384853
7567,30.0466
7568,42.65953
7569,28.59417
7570,28.438564
7571,37.31018
7572,36.166004
7573,53.611713
7574,58.356754
7575,32.27746
7576,29.336597
7577,27.557354
7578,48.12305
7579,29.244913
7580,27.17563
7581,29.579388
7582,41.54381
7583,40.4678
7584,39.838097
7585,36.818695
7586,35.26549
7587,31.514675
7588,32.382854
7589,26.955666
7590,46.288006
7591,30.051239
7592,32.886295
7593,41.009315
7594,37.375126
7595,40.704174
7596,54.882473
7597,39.571125
7598,39.67744
7599,33.06329
7600,40.880394
7601,28.938223
7602,31.417795
7603,30.64027
7604,37.167
7605,26.73647
7606,33.184383
7607,36.785236
7608,39.296185
7609,58.491756
7610,29.766151
7611,41.45084
7612,29.951622
7613,27.072407
7614,28.931072
7615,27.59974
7616,34.693268
7617,33.291553
7618,33.16861
7619,30.305107
7620,26.52727
7621,51.793148
7622,37.590183
7623,33.549213
7624,25.655544
7625,35.95517
7626,32.67606
7627,33.372234
7628,29.150711
7629,29.208477
7630,30.691849
7631,29.959757
7632,33.576412
7633,24.039282
7634,32.129986
7635,31.28759
7636,34.305714
7637,34.676044
7638,27.783295
7639,30.096256
7640,33.025345
7641,27.006775
7642,41.343433
7643,34.676044
7644,34.07921
7645,27.819042
7646,27.204222
7647,29.959757
7648,32.558315
7649,25.648643
7650,46.3746
7651,38.761555
7652,25.25859
7653,56.447258
7654,39.288662
7655,36.12549
7656,32.224262
7657,46.477444
7658,34.412697
7659,33.111988
7660,40.87824
7661,32.239964
7662,32.857273
7663,30.843525
7664,39.9486
7665,30.2839
7666,30.090513
7667,28.250006
7668,46.553783
7669,29.150997
7670,30.514969
7671,26.279404
7672,35.48373
7673,31.25378
7674,30.315468
7675,24.1953
7676,26.210941
7677,32.005238
7678,44.71468
7679,35.2125
7680,41.343433
7681,30.604185
7682,50.54586
7683,30.0466
7684,31.453194
7685,33.337696
7686,29.634884
7687,28.513226
7688,31.556953
7689,30.010565
7690,50.314415
7691,30.803501
7692,38.726524
7693,37.651478
7694,33.762447
7695,32.740856
7696,38.780247
7697,34.728447
7698,34.193752
7699,39.853462
7700,43.47476
7701,41.24503
7702,33.628242
7703,34.398937
7704,30.535194
7705,29.587132
7706,34.65024
7707,43.10899
7708,30.096256
7709,35.04522
7710,29.150711
7711,29.132782
7712,47.856583
7713,33.570534
7714,29.251923
7715,30.772509
7716,32.856632
7717,27.854671
7718,57.813843
7719,26.279404
7720,42.48068
7721,26.734398
7722,34.176342
7723,28.562305
7724,34.06561
7725,24.67049
7726,33.22298
7727,29.745558
7728,37.633503
7729,45.404655
7730,33.549213
7731,42.50063
7732,44.079247
7733,50.114685
7734,25.075733
7735,26.493053
7736,28.893179
7737,46.553783
7738,56.813854
7739,56.09186
7740,33.0827
7741,27.402136
7742,33.747375
7743,40.36011
7744,33.549213
7745,36.41106
7746,36.9308
7747,31.907383
7748,34.208836
7749,39.897366
7750,34.06561
7751,33.275963
7752,30.090513
7753,29.10254
7754,41.543964
7755,56.04452
7756,33.357616
7757,29.766151
7758,34.818546
7759,30.931252
7760,43.58922
7761,39.42828
7762,45.404655
7763,25.839592
7764,49.59208
7765,28.152136
7766,41.343433
7767,35.48495
7768,30.527851
7769,31.111206
7770,30.3911
7771,33.244495
7772,41.80817
7773,45.816387
7774,49.679256
7775,41.93613
7776,30.839058
7777,30.604185
7778,33.147724
7779,31.387932
7780,26.524683
7781,29.150711
7782,37.258747
7783,27.854671
7784,29.766151
7785,35.575733
7786,35.129093
7787,41.93335
7788,34.327347
7789,29.766151
7790,27.197975
7791,34.543613
7792,37.457935
7793,33.18011
7794,30.556683
7795,34.12299
7796,54.288914
7797,35.33163
7798,32.31331
7799,26.664839
7800,46.477444
7801,30.372953
7802,27.421717
7803,34.676044
7804,33.182278
7805,39.677933
7806,28.678776
7807,25.075733
7808,37.19492
7809,36.31316
7810,34.412697
7811,41.46291
7812,28.82531
7813,29.582294
7814,30.126057
7815,36.704575
7816,28.002937
7817,32.77023
7818,34.80325
7819,34.693268
7820,32.757458
7821,31.190002
7822,44.768375
7823,26.524683
7824,40.989277
7825,29.532867
7826,41.400814
7827,26.342335
7828,40.47306
7829,25.645565
7830,46.3746
7831,25.974072
7832,30.096256
7833,30.843525
7834,34.818546
7835,28.933279
7836,59.562298
7837,28.308208
7838,27.659313
7839,32.015263
7840,26.493053
7841,46.821743
7842,26.666378
7843,28.004871
7844,33.863987
7845,36.597202
7846,29.951622
7847,30.71468
7848,26.053774
7849,28.017736
7850,38.983784
7851,33.39256
7852,39.677933
7853,43.505672
7854,38.11378
7855,45.522617
7856,37.26684
7857,29.190842
7858,30.18411
7859,37.94823
7860,24.891788
7861,39.575928
7862,30.657356
7863,31.060291
7864,33.24399
7865,26.911997
7866,29.718908
7867,29.251923
7868,35.024353
7869,29.495998
7870,27.1553
7871,23.538296
7872,44.161453
7873,34.76977
7874,29.7347
7875,36.124504
7876,29.766151
7877,25.034077
7878,27.197975
7879,28.1658
7880,27.908562
7881,32.2561
7882,34.479607
7883,39.704994
7884,30.858665
7885,33.2592
7886,26.524683
7887,35.435467
7888,50.76918
7889,31.854656
7890,34.427666
7891,34.407974
7892,27.877697
7893,32.536777
7894,31.291252
7895,42.45509
7896,35.88972
7897,33.709843
7898,35.488014
7899,25.664541
7900,27.722122
7901,30.612864
7902,34.004658
7903,26.677813
7904,41.948265
7905,38.87611
7906,30.527851
7907,50.24856
7908,37.675213
7909,33.549213
7910,35.324802
7911,27.59974
7912,46.288383
7913,29.766151
7914,29.419647
7915,34.908913
7916,37.6564
7917,30.406826
7918,36.264122
7919,40.253136
7920,28.183464
7921,36.95824
7922,57.12117
7923,40.96505
7924,33.034996
7925,39.704994
7926,39.853462
7927,29.34502
7928,34.599106
7929,35.16316
7930,28.292843
7931,46.553783
7932,34.193752
7933,27.197975
7934,35.856236
7935,40.53881
7936,42.60242
7937,25.075733
7938,43.87789
7939,29.993052
7940,30.538029
7941,25.605698
7942,31.387648
7943,43.505672
7944,27.871353
7945,32.76226
7946,29.854136
7947,25.033867
7948,36.092144
7949,29.58928
7950,37.72034
7951,32.130203
7952,26.280325
7953,44.768375
7954,30.135166
7955,55.42423
7956,33.75604
7957,27.442783
7958,46.288383
7959,24.722645
7960,42.60242
7961,29.902264
7962,27.711298
7963,34.41254
7964,39.847954
7965,34.29642
7966,34.082855
7967,26.668816
7968,27.78933
7969,40.043552
7970,49.963795
7971,33.599224
7972,31.426392
7973,33.75604
7974,43.534473
7975,47.375874
7976,38.618244
7977,32.518875
7978,32.42914
7979,28.483349
7980,26.668816
7981,34.412697
7982,29.86367
7983,27.499922
7984,27.932522
7985,34.693268
7986,37.59511
7987,41.623714
7988,31.165562
7989,30.514969
7990,27.159678
7991,26.69813
7992,26.043503
7993,44.11092
7994,35.2125
7995,26.944012
7996,30.978746
7997,35.51334
7998,34.130844
7999,31.450733
8000,25.0339
8001,28.57551
8002,35.892235
8003,29.798115
8004,30.30685
8005,41.93613
8006,44.989033
8007,25.839592
8008,28.471165
8009,31.415674
8010,46.3746
8011,26.069838
8012,29.951622
8013,30.432613
8014,29.150711
8015,25.645565
8016,34.451733
8017,40.671627
8018,50.052887
8019,28.171326
8020,37.065456
8021,33.023727
8022,29.427517
8023,35.574696
8024,27.722122
8025,29.591667
8026,38.31442
8027,27.1553
8028,41.93532
8029,28.704906
8030,35.07045
8031,32.233727
8032,32.624294
8033,41.859318
8034,34.193752
8035,26.350155
8036,43.914402
8037,37.04257
8038,28.783743
8039,37.39063
8040,44.72565
8041,27.186924
8042,35.207836
8043,32.886295
8044,31.973705
8045,41.75188
8046,30.70144
8047,49.655502
8048,33.709843
8049,28.087545
8050,31.861748
8051,30.516083
8052,33.025345
8053,38.30387
8054,50.114685
8055,45.652588
8056,31.556953
8057,30.003916
8058,27.862043
8059,31.343422
8060,57.840534
8061,37.60456
8062,34.95908
8063,36.507053
8064,30.251423
8065,41.432278
8066,31.556953
8067,40.963078
8068,32.009495
8069,33.22298
8070,28.403536
8071,40.147465
8072,50.114685
8073,34.676044
8074,34.818546
8075,28.257694
8076,35.024353
8077,31.190002
8078,28.454483
8079,27.722382
8080,33.04119
8081,52.584095
8082,43.963383
8083,43.08549
8084,43.36656
8085,32.224224
8086,24.775473
8087,29.951622
8088,37.26684
8089,27.722382
8090,32.728012
8091,36.12272
8092,27.1553
8093,36.507053
8094,51.793148
8095,33.890114
8096,24.381742
8097,27.722122
8098,29.766151
8099,28.358273
8100,38.842693
8101,51.01855
8102,27.006775
8103,39.922424
8104,36.172657
8105,36.240623
8106,37.664165
8107,38.86592
8108,31.737041
8109,25.0339
8110,29.916739
8111,32.524853
8112,41.950874
8113,40.641613
8114,25.664873
8115,34.693268
8116,35.318394
8117,28.31203
8118,54.018284
8119,49.70444
8120,29.895685
8121,25.170547
8122,28.057524
8123,38.906624
8124,31.977203
8125,29.251923
8126,30.738113
8127,32.84542
8128,33.165768
8129,49.59208
8130,48.254833
8131,30.538029
8132,26.524775
8133,26.952238
8134,27.8358
8135,27.006775
8136,28.562305
8137,53.56252
8138,32.67606
8139,42.4022
8140,31.492962
8141,28.131433
8142,27.006775
8143,39.51218
8144,50.314053
8145,39.888943
8146,36.83025
8147,40.067738
8148,36.01093
8149,43.453712
8150,38.485386
8151,36.71816
8152,32.0259
8153,28.552118
8154,32.17846
8155,33.291264
8156,57.98885
8157,55.778614
8158,29.124454
8159,28.674732
8160,37.470234
8161,37.67607
8162,57.813843
8163,36.507053
8164,42.646133
8165,29.109451
8166,30.857506
8167,41.989235
8168,28.820389
8169,29.951622
8170,34.820812
8171,46.288383
8172,26.831694
8173,36.09347
8174,36.223225
8175,30.858665
8176,35.831516
8177,30.65046
8178,28.74783
8179,33.12465
8180,36.06095
8181,26.410004
8182,43.963383
8183,31.32956
8184,29.786789
8185,59.00887
8186,28.59417
8187,30.142342
8188,26.279404
8189,24.610687
8190,39.560993
8191,27.83884
8192,29.19085
8193,30.2237
8194,32.612965
8195,31.747522
8196,36.480026
8197,33.328022
8198,35.628033
8199,31.9209
8200,29.003384
8201,40.33087
8202,28.552675
8203,29.579056
8204,36.155365
8205,28.930283
8206,50.775455
8207,49.59208
8208,36.57887
8209,48.817524
8210,45.529205
8211,26.450611
8212,27.197975
8213,41.132305
8214,39.225243
8215,31.246132
8216,30.843525
8217,33.699677
8218,40.562576
8219,29.895685
8220,34.004658
8221,35.207836
8222,29.34502
8223,39.51218
8224,46.015766
8225,29.132782
8226,38.607906
8227,39.145855
8228,29.587132
8229,27.688393
8230,43.2068
8231,43.505672
8232,39.61304
8233,40.149403
8234,34.676044
8235,35.422375
8236,29.634884
8237,33.257267
8238,27.77954
8239,28.792072
8240,37.529728
8241,27.412457
8242,36.804546
8243,30.881731
8244,39.537052
8245,39.585888
8246,32.009495
8247,30.420883
8248,37.77701
8249,37.571842
8250,26.09563
8251,39.712803
8252,33.601723
8253,34.13971
8254,34.676044
8255,32.983875
8256,31.28759
8257,29.951622
8258,37.525097
8259,39.31329
8260,30.896347
8261,39.42828
8262,34.290894
8263,27.197975
8264,42.682053
8265,28.175755
8266,47.96622
8267,38.12118
8268,31.006811
8269,30.003916
8270,33.475697
8271,27.388224
8272,30.612694
8273,27.722122
8274,34.724728
8275,34.19112
8276,32.107185
8277,34.818546
8278,28.59417
8279,28.288105
8280,45.37486
8281,39.339706
8282,30.203773
8283,29.251923
8284,25.82345
8285,30.81361
8286,32.41744
8287,40.4678
8288,25.82345
8289,24.67049
8290,25.032774
8291,27.59974
8292,30.762032
8293,39.575928
8294,40.963078
8295,38.45047
8296,41.545887
8297,39.805023
8298,43.190243
8299,30.604185
8300,25.720528
8301,41.612038
8302,33.01144
8303,28.796494
8304,39.130974
8305,46.090412
8306,39.575928
8307,39.130974
8308,23.84865
8309,34.755474
8310,39.11172
8311,43.941463
8312,40.94045
8313,34.724728
8314,29.165413
8315,29.634884
8316,29.34502
8317,33.548565
8318,33.372234
8319,28.552118
8320,32.975
8321,39.225243
8322,32.282856
8323,57.242695
8324,44.79923
8325,36.591846
8326,32.648605
8327,28.792063
8328,35.187214
8329,28.708319
8330,26.224249
8331,43.343613
8332,41.623714
8333,43.87789
8334,32.55699
8335,42.196625
8336,32.130203
8337,33.206123
8338,37.79757
8339,28.26717
8340,34.342373
8341,29.278345
8342,34.355442
8343,27.767761
8344,35.207836
8345,53.718227
8346,24.491951
8347,36.94917
8348,42.715916
8349,33.7842
8350,32.74738
8351,57.98885
8352,28.812561
8353,35.435688
8354,35.324802
8355,39.413277
8356,32.1411
8357,40.834717
8358,36.809574
8359,33.558968
8360,41.865887
8361,29.918377
8362,35.157597
8363,35.47978
8364,32.24972
8365,26.670185
8366,32.78164
8367,27.491459
8368,34.316143
8369,31.638912
8370,29.895685
8371,44.13206
8372,34.161114
8373,31.748951
8374,57.12117
8375,29.766151
8376,27.41293
8377,45.158756
8378,33.70939
8379,36.83025
8380,35.435467
8381,34.01863
8382,37.213833
8383,29.558466
8384,37.726948
8385,39.677933
8386,40.47721
8387,51.573357
8388,32.179146
8389,30.514969
8390,27.652416
8391,30.003916
8392,54.284805
8393,31.387648
8394,31.729864
8395,56.65627
8396,30.042538
8397,37.60392
8398,35.25529
8399,38.548306
8400,34.44942
8401,33.566967
8402,30.032291
8403,35.900806
8404,30.082253
8405,40.098953
8406,33.75604
8407,36.493137
8408,35.47978
8409,32.62478
8410,35.14332
8411,31.531078
8412,29.265245
8413,28.594059
8414,30.76442
8415,36.190277
8416,45.11262
8417,28.678776
8418,31.385784
8419,36.142597
8420,30.492268
8421,37.867844
8422,40.41995
8423,31.556953
8424,28.664396
8425,29.537392
8426,32.709625
8427,32.326473
8428,29.271088
8429,33.019146
8430,27.380365
8431,35.82689
8432,26.224249
8433,36.932156
8434,31.615864
8435,27.790318
8436,30.234035
8437,37.133957
8438,36.94917
8439,30.803478
8440,25.774536
8441,36.71816
8442,33.842957
8443,27.600716
8444,26.335205
8445,33.549213
8446,40.098953
8447,36.83025
8448,40.68313
8449,32.258686
8450,58.256638
8451,26.28058
8452,35.200268
8453,28.57551
8454,44.303577
8455,44.16586
8456,48.21884
8457,56.24152
8458,28.945177
8459,27.006775
8460,31.428986
8461,34.818546
8462,27.81988
8463,29.766151
8464,35.369804
8465,33.291264
8466,49.963795
8467,29.766151
8468,33.747517
8469,41.00877
8470,33.549213
8471,30.905785
8472,30.2237
8473,34.655483
8474,53.611713
8475,29.895685
8476,29.422667
8477,27.007832
8478,30.843525
8479,31.415674
8480,31.941029
8481,30.843525
8482,34.193752
8483,26.668816
8484,43.42028
8485,30.612694
8486,41.284733
8487,35.149143
8488,40.10553
8489,39.225243
8490,28.47226
8491,38.28902
8492,37.94277
8493,34.83058
8494,29.831142
8495,35.14697
8496,37.29435
8497,32.28376
8498,32.76226
8499,27.854671
8500,35.03138
8501,42.464184
8502,41.432278
8503,33.134026
8504,30.117796
8505,36.81051
8506,33.94543
8507,46.553783
8508,41.623714
8509,37.675446
8510,27.980167
8511,30.535692
8512,31.778788
8513,56.42745
8514,36.82403
8515,27.818443
8516,36.34533
8517,31.691147
8518,32.31331
8519,27.722122
8520,35.641636
8521,32.76989
8522,31.28759
8523,31.556953
8524,57.735165
8525,28.406166
8526,37.131966
8527,33.270855
8528,42.112232
8529,27.722122
8530,42.785946
8531,27.45355
8532,35.29723
8533,27.995996
8534,33.75604
8535,36.268406
8536,35.2125
8537,27.59974
8538,55.482357
8539,33.44018
8540,27.44017
8541,26.000608
8542,30.563417
8543,29.229565
8544,36.785236
8545,57.242695
8546,28.57551
8547,35.057453
8548,26.881199
8549,42.37689
8550,33.81698
8551,36.507053
8552,29.929647
8553,32.713104
8554,34.004658
8555,41.132305
8556,41.24503
8557,43.47476
8558,33.549213
8559,36.117916
8560,25.075733
8561,43.10899
8562,43.423996
8563,29.768253
8564,36.737698
8565,33.33752
8566,24.610687
8567,33.642742
8568,33.549213
8569,36.253178
8570,29.544044
8571,37.410866
8572,31.403461
8573,28.400745
8574,37.220406
8575,36.86614
8576,38.172054
8577,39.66689
8578,40.109833
8579,34.320217
8580,37.97108
8581,41.24503
8582,34.708744
8583,34.12064
8584,38.081276
8585,33.549213
8586,36.996807
8587,33.40383
8588,35.6814
8589,35.2125
8590,29.419647
8591,38.102924
8592,34.355442
8593,28.57551
8594,33.00777
8595,31.249197
8596,29.336685
8597,32.67606
8598,34.65024
8599,30.83324
8600,36.507053
8601,29.150711
8602,26.224249
8603,29.059986
8604,41.06556
8605,39.585888
8606,34.48478
8607,30.927849
8608,33.692005
8609,26.632368
8610,39.34807
8611,54.288914
8612,29.745558
8613,29.915615
8614,53.611713
8615,36.503826
8616,30.631474
8617,39.585888
8618,31.983635
8619,35.828945
8620,43.609547
8621,28.236704
8622,24.381742
8623,27.651234
8624,27.498161
8625,28.207071
8626,32.80815
8627,36.71816
8628,30.90952
8629,26.076147
8630,38.83289
8631,41.623714
8632,34.222588
8633,36.507053
8634,30.689669
8635,62.81806
8636,30.979767
8637,30.115963
8638,50.468437
8639,40.84842
8640,29.766151
8641,32.318592
8642,53.611713
8643,39.05987
8644,39.756855
8645,32.93805
8646,32.697094
8647,38.607906
8648,34.44942
8649,38.273537
8650,30.608982
8651,29.870094
8652,30.612694
8653,26.734999
8654,37.19492
8655,52.743664
8656,36.94917
8657,30.0466
8658,26.528448
8659,28.320637
8660,27.243326
8661,30.01371
8662,30.0466
8663,43.10899
8664,26.430042
8665,34.818546
8666,34.544353
8667,41.82116
8668,36.507053
8669,55.284557
8670,25.561949
8671,30.381668
8672,30.17508
8673,34.724728
8674,34.83058
8675,38.058132
8676,30.81361
8677,56.610107
8678,27.822577
8679,26.952238
8680,27.348743
8681,33.992634
8682,41.17061
8683,31.62911
8684,35.680088
8685,29.975264
8686,32.247314
8687,30.814972
8688,30.521957
8689,29.412426
8690,28.412888
8691,35.25529
8692,43.423996
8693,50.74636
8694,26.285702
8695,30.003916
8696,24.010082
8697,25.839592
8698,29.587132
8699,35.2125
8700,31.431242
8701,28.42825
8702,30.843525
8703,27.04644
8704,36.91441
8705,28.664396
8706,34.876095
8707,40.0981
8708,34.708744
8709,36.590233
8710,39.98726
8711,33.576412
8712,35.081623
8713,30.391771
8714,29.090483
8715,29.798115
8716,27.324894
8717,33.195957
8718,34.62022
8719,24.491951
8720,40.561195
8721,30.051239
8722,33.799698
8723,30.0466
8724,26.889732
8725,29.798115
8726,24.775473
8727,38.39895
8728,33.319565
8729,29.766151
8730,39.560993
8731,28.320637
8732,39.646206
8733,34.130844
8734,37.965252
8735,35.71143
8736,34.83058
8737,30.604185
8738,44.768375
8739,32.377075
8740,37.26684
8741,29.94683
8742,25.228455
8743,38.630665
8744,46.217617
8745,39.853462
8746,35.117634
8747,24.930805
8748,43.68926
8749,39.16512
8750,29.174673
8751,29.902264
8752,28.500793
8753,27.122736
8754,29.26341
8755,33.251564
8756,32.872963
8757,36.07871
8758,32.697094
8759,35.177246
8760,27.197529
8761,34.478085
8762,46.341335
8763,56.7969
8764,37.7163
8765,51.015835
8766,32.55699
8767,40.53881
8768,35.035625
8769,30.887472
8770,32.40876
8771,30.372953
8772,33.71498
8773,41.040615
8774,29.839012
8775,27.57152
8776,27.77647
8777,43.42028
8778,31.524479
8779,28.64375
8780,31.950165
8781,35.9586
8782,46.3746
8783,29.53389
8784,27.107555
8785,40.615223
8786,35.435467
8787,28.065876
8788,45.078945
8789,28.19244
8790,40.61991
8791,30.527851
8792,30.30685
8793,48.817524
8794,25.82345
8795,31.04208
8796,27.517042
8797,37.459892
8798,25.033867
8799,41.422688
8800,30.880428
8801,63.173183
8802,44.61752
8803,24.039282
8804,28.49625
8805,34.65024
8806,30.18126
8807,28.171326
8808,29.951622
8809,27.74989
8810,29.959757
8811,39.853462
8812,38.49074
8813,31.070866
8814,35.482227
8815,31.981272
8816,36.18632
8817,34.724728
8818,36.86614
8819,42.86417
8820,28.403536
8821,26.664112
8822,30.449738
8823,32.618614
8824,29.271088
8825,56.2503
8826,27.783295
8827,56.194897
8828,33.670067
8829,39.672966
8830,37.768085
8831,36.495316
8832,34.685757
8833,27.599808
8834,47.530643
8835,46.69343
8836,43.53628
8837,41.24503
8838,40.757206
8839,48.0294
8840,27.59974
8841,26.831694
8842,39.225243
8843,29.933598
8844,31.703434
8845,39.594063
8846,25.230532
8847,40.098953
8848,36.52901
8849,26.59972
8850,44.400024
8851,36.495316
8852,26.941309
8853,29.766151
8854,27.197975
8855,34.327347
8856,40.53881
8857,57.98885
8858,26.89908
8859,51.015835
8860,49.59208
8861,27.312775
8862,46.553783
8863,33.44041
8864,29.792873
8865,35.94241
8866,34.530926
8867,27.822577
8868,31.255878
8869,25.339888
8870,33.63618
8871,32.95506
8872,32.98688
8873,30.066778
8874,25.593437
8875,30.082253
8876,33.170414
8877,37.510662
8878,37.6358
8879,34.80325
8880,36.22573
8881,30.623508
8882,41.93613
8883,33.07937
8884,31.449537
8885,35.734375
8886,40.963078
8887,27.822577
8888,24.491951
8889,31.04208
8890,47.91281
8891,34.997368
8892,27.17563
8893,27.722122
8894,30.30685
8895,27.68361
8896,30.936195
8897,35.209084
8898,25.097435
8899,25.720528
8900,38.63683
8901,37.193638
8902,41.343433
8903,31.165028
8904,40.96505
8905,44.161453
8906,23.477013
8907,35.435467
8908,26.224249
8909,27.590307
8910,38.919285
8911,34.327347
8912,37.6564
8913,34.607265
8914,45.30457
8915,33.44018
8916,28.796494
8917,24.891788
8918,40.963078
8919,26.262846
8920,24.82559
8921,40.96505
8922,42.48611
8923,41.53449
8924,34.44942
8925,29.766151
8926,29.60762
8927,34.65309
8928,39.537052
8929,53.718227
8930,33.490864
8931,27.722122
8932,43.423996
8933,52.834736
8934,33.757183
8935,31.415674
8936,52.743664
8937,29.859009
8938,33.490864
8939,34.368877
8940,40.963078
8941,35.159794
8942,58.491756
8943,24.256268
8944,26.79071
8945,37.303272
8946,29.902264
8947,31.07254
8948,35.2125
8949,28.189045
8950,29.059986
8951,33.443935
8952,30.843525
8953,36.556282
8954,43.505672
8955,30.880428
8956,34.369335
8957,43.593075
8958,40.96505
8959,24.705055
8960,34.320217
8961,35.05941
8962,33.92245
8963,27.489132
8964,35.2125
8965,33.250484
8966,30.449738
8967,35.07794
8968,33.52459
8969,34.451733
8970,27.312775
8971,46.553783
8972,35.828945
8973,32.510456
8974,32.658848
8975,40.963078
8976,25.890114
8977,27.59974
8978,66.85192
8979,34.676044
8980,39.66577
8981,36.71816
8982,27.958426
8983,27.073055
8984,42.48611
8985,32.647133
8986,39.936436
8987,37.122932
8988,29.852795
8989,30.259098
8990,27.851234
8991,28.806976
8992,33.06329
8993,34.12064
8994,30.706554
8995,24.53026
8996,28.637606
8997,40.299755
8998,33.74271
8999,48.571476
9000,39.417118
9001,28.171326
9002,53.590816
9003,34.818546
9004,26.524683
9005,35.2125
9006,30.326042
9007,31.913994
9008,30.132334
9009,33.46066
9010,56.65627
9011,30.781021
